{"stats":{"minecraft:picked_up":{"irons_spellbooks:scroll":1,"minecraft:crafting_table":7,"minecraft:wheat":76,"ancientlegends:fire_flower":2,"minecraft:lead":2,"minecraft:brown_bed":3,"duckensinvasion:duck_statue_feet":1,"minecraft:shield":1,"ars_nouveau:archwood_planks":23,"minecraft:item_frame":2,"irons_spellbooks:arcane_essence":4,"minecraft:beef":2,"minecraft:rose_bush":3,"minecraft:light_gray_wool":12,"minecraft:melon_slice":17,"minecraft:furnace":1,"minecraft:raw_iron":13,"minecraft:acacia_log":2,"minecraft:spruce_fence":2,"ars_nouveau:blue_archwood_log":33,"minecraft:porkchop":2,"tombstone:grave_dust":2,"minecraft:carrot":15,"minecraft:stone_sword":2,"minecraft:arrow":6,"minecraft:rotten_flesh":20,"ancientlegends:blood_bottle":1,"minecraft:hay_block":25,"duckensinvasion:duck_feather":2,"minecraft:gold_ingot":2,"minecraft:mutton":4,"alexsmobs:kangaroo_meat":2,"minecraft:white_wool":1,"minecraft:cobblestone":6,"minecraft:birch_log":7,"minecraft:feather":5,"minecraft:golden_carrot":1,"minecraft:jungle_log":1,"minecraft:brown_wool":2,"minecraft:potato":1,"minecraft:birch_planks":8,"royalvariations:spiritual_crown_shard":1,"minecraft:oak_log":7,"minecraft:gunpowder":3,"minecraft:dirt":19,"minecraft:blue_bed":4,"tombstone:gift":1,"duckensinvasion:duck_statue":8,"minecraft:stone_bricks":2,"mowziesmobs:umvuthana_mask_rage":3,"minecraft:wheat_seeds":365,"minecraft:iron_ingot":3,"minecraft:stone_pickaxe":2,"minecraft:glass_bottle":1,"minecraft:bamboo":17,"mowziesmobs:umvuthana_mask_misery":1,"minecraft:soul_sand":1,"world:crystal_10":4,"slashblade:proudsoul_tiny":1,"duckensinvasion:duckstatue_body":2,"duckensinvasion:duck_statue_head":2,"ancientlegends:totem_of_might":2,"minecraft:leather_helmet":1,"minecraft:oak_wood":12,"alexsmobs:kangaroo_hide":2,"goblins_tyranny:mushroom_pad":3,"minecraft:stone_axe":1,"knightquest:small_essence":3,"minecraft:gray_wool":2,"minecraft:bread":1,"alexsmobs:maggot":2,"minecraft:melon_seeds":4,"minecraft:coal":157},"minecraft:broken":{"slashblade:slashblade_bamboo":2,"slashblade:slashblade_wood":1},"minecraft:killed":{"duckensinvasion:footsoldier_duck":2,"minecraft:spider":4,"minecraft:vindicator":2,"duckensinvasion:raptor_duck":1,"world:dryad":2,"goblins_tyranny:merchant":1,"minecraft:skeleton":8,"duckensinvasion:armoured_duck":1,"duckensinvasion:archer_duck":4,"duckensinvasion:commaner_duckfighting":1,"alexsmobs:kangaroo":1,"world:goblin":5,"minecraft:pig":1,"minecraft:wandering_trader":1,"mowziesmobs:umvuthana_follower_raptor":8,"minecraft:creeper":6,"minecraft:sheep":2,"royalvariations:royal_zombie":1,"minecraft:trader_llama":2,"minecraft:zombie":13,"knightquest:lizzy":1,"alexsmobs:fly":4,"minecraft:cow":1},"minecraft:used":{"minecraft:stone_sword":27,"mowziesmobs:umvuthana_mask_misery":1,"minecraft:shield":2,"duckensinvasion:duck_statue":1,"minecraft:cooked_salmon":1,"duckensinvasion:duckstatue_body":1,"duckensinvasion:duck_statue_head":1,"minecraft:soul_sand":1,"minecraft:dirt":3,"minecraft:oak_wood":2,"minecraft:spruce_fence":1,"alexsmobs:maggot":1,"minecraft:stone_bricks":2,"minecraft:cooked_cod":1,"slashblade:slashblade_wood":60,"tombstone:gift":3,"minecraft:brown_bed":2,"ancientlegends:fire_flower":2,"minecraft:cooked_mutton":4,"minecraft:birch_planks":9,"minecraft:stone_pickaxe":72,"minecraft:oak_planks":6,"minecraft:wooden_pickaxe":3,"minecraft:leather_chestplate":1,"minecraft:blue_bed":4,"minecraft:crafting_table":7,"ars_nouveau:archwood_planks":133,"slashblade:slashblade_bamboo":174,"minecraft:apple":4,"minecraft:bread":31,"minecraft:melon_slice":10,"minecraft:iron_pickaxe":68,"minecraft:leather_helmet":1,"tombstone:grave_key":1,"minecraft:stone_axe":95,"minecraft:wooden_sword":52,"minecraft:cooked_porkchop":2,"goblins_tyranny:mushroom_pad":2},"minecraft:killed_by":{"minecraft:creeper":2,"alexsmobs:leafcutter_ant":1,"minecraft:drowned":1,"world:goblin":1,"minecraft:skeleton":1},"minecraft:custom":{"minecraft:mob_kills":75,"minecraft:interact_with_crafting_table":35,"minecraft:open_barrel":27,"minecraft:damage_dealt_resisted":21,"minecraft:leave_game":2,"minecraft:time_since_death":17827,"minecraft:damage_resisted":1296,"minecraft:climb_one_cm":5500,"minecraft:sprint_one_cm":616358,"minecraft:walk_one_cm":276816,"minecraft:damage_blocked_by_shield":120,"minecraft:drop":81,"minecraft:talked_to_villager":1,"minecraft:play_time":127135,"minecraft:sneak_time":8223,"minecraft:deaths":7,"minecraft:walk_under_water_one_cm":3273,"minecraft:jump":2318,"minecraft:walk_on_water_one_cm":20776,"minecraft:total_world_time":127135,"minecraft:interact_with_furnace":23,"tombstone:raider_killed":2,"minecraft:sleep_in_bed":3,"minecraft:time_since_rest":17127,"minecraft:damage_taken":3735,"minecraft:damage_dealt":13298,"minecraft:swim_one_cm":33213,"minecraft:fly_one_cm":391424,"minecraft:open_chest":25,"minecraft:crouch_one_cm":239111,"tombstone:undead_killed":22,"tombstone:villager_killed":1,"minecraft:interact_with_smoker":9,"minecraft:fall_one_cm":80648},"minecraft:crafted":{"minecraft:wooden_sword":4,"minecraft:oak_planks":28,"ars_nouveau:archwood_planks":112,"slashblade:slashblade_bamboo":3,"slashblade:slashblade_wood":4,"minecraft:cooked_mutton":4,"minecraft:iron_boots":1,"minecraft:stone_pickaxe":1,"minecraft:cooked_porkchop":2,"minecraft:crafting_table":2,"minecraft:iron_helmet":1,"minecraft:wooden_pickaxe":1,"minecraft:birch_planks":28,"minecraft:air":0,"minecraft:bread":26,"minecraft:jungle_planks":4,"minecraft:iron_chestplate":1,"minecraft:stick":16,"minecraft:iron_ingot":40,"minecraft:iron_pickaxe":1,"minecraft:iron_leggings":1},"minecraft:dropped":{"ancientlegends:blood_bottle":1,"minecraft:bread":8,"minecraft:wheat_seeds":364,"minecraft:glass_bottle":1,"minecraft:crafting_table":1,"duckensinvasion:duck_feather":2,"minecraft:feather":5,"minecraft:cobblestone":2,"minecraft:leather_helmet":1,"minecraft:stick":4,"minecraft:item_frame":2,"minecraft:emerald":2,"minecraft:dirt":16,"minecraft:gray_wool":4,"minecraft:rose_bush":3,"minecraft:melon_slice":7,"minecraft:brown_wool":2,"tombstone:grave_dust":4,"irons_spellbooks:arcane_essence":4,"minecraft:gold_ingot":2,"alexsmobs:maggot":1,"mowziesmobs:umvuthana_mask_rage":3,"minecraft:stone_sword":2,"ars_nouveau:archwood_planks":1,"minecraft:wheat":2,"minecraft:rotten_flesh":20,"minecraft:light_gray_wool":12,"minecraft:spruce_fence":1,"alexsmobs:kangaroo_hide":2,"minecraft:leather_chestplate":1,"minecraft:potato":1,"minecraft:gunpowder":3,"mowziesmobs:umvuthana_mask_misery":1,"minecraft:oak_wood":4,"minecraft:melon_seeds":4,"minecraft:leather_boots":1,"minecraft:brown_bed":1,"knightquest:small_essence":1,"minecraft:arrow":6,"minecraft:wooden_pickaxe":1,"minecraft:stone_pickaxe":3,"world:crystal_10":4},"minecraft:mined":{"minecraft:farmland":1,"goblins_tyranny:mushroom_pad":3,"minecraft:acacia_log":2,"minecraft:grass_block":1,"minecraft:spruce_fence":1,"duckensinvasion:duck_statue_head":2,"minecraft:jungle_log":1,"minecraft:spawner":2,"minecraft:hay_block":25,"duckensinvasion:duck_statue_feet":1,"minecraft:magma_block":2,"minecraft:furnace":1,"minecraft:iron_ore":9,"minecraft:brown_bed":2,"minecraft:vine":1,"minecraft:dirt_path":1,"ancientlegends:fire_flower":2,"minecraft:bamboo":2,"minecraft:stone":5,"duckensinvasion:duck_statue":9,"world:plantforestbig_1":1,"minecraft:soul_sand":1,"minecraft:crafting_table":6,"minecraft:oak_wood":8,"minecraft:calcite":1,"minecraft:melon":3,"minecraft:tall_grass":3,"minecraft:blue_bed":4,"minecraft:birch_planks":8,"minecraft:coarse_dirt":1,"ars_nouveau:blue_archwood_log":31,"ars_nouveau:archwood_planks":25,"minecraft:birch_log":7,"minecraft:wheat":80,"duckensinvasion:duckstatue_body":2,"minecraft:grass":34,"minecraft:oak_log":7,"minecraft:coal_ore":98,"minecraft:dirt":3,"minecraft:stone_bricks":2,"minecraft:oak_leaves":10,"minecraft:fern":3}},"DataVersion":3465}