{"stats":{"minecraft:crafted":{"minecraft:wooden_sword":3,"minecraft:crimson_planks":24,"minecraft:oak_planks":24,"ars_nouveau:archwood_planks":20,"minecraft:crafting_table":3,"minecraft:wooden_pickaxe":1,"minecraft:iron_helmet":1,"slashblade:slashblade_wood":2,"minecraft:iron_boots":1,"minecraft:iron_chestplate":1,"minecraft:iron_axe":1,"minecraft:stick":12,"minecraft:iron_pickaxe":1,"minecraft:wooden_axe":1,"minecraft:iron_leggings":1},"minecraft:used":{"minecraft:stone_sword":45,"lunas_crimson_invasion:corrupted_grass_block":1,"minecraft:polished_andesite":5,"minecraft:oak_planks":15,"minecraft:wooden_pickaxe":13,"minecraft:rotten_flesh":1,"minecraft:dirt":6,"minecraft:terracotta":4,"minecraft:yellow_terracotta":2,"minecraft:crafting_table":6,"ars_nouveau:archwood_planks":20,"minecraft:brown_terracotta":2,"minecraft:wooden_axe":13,"ancientlegends:blood_bottle":1,"minecraft:iron_axe":17,"minecraft:bread":11,"alexsmobs:kangaroo_meat":3,"minecraft:iron_pickaxe":7,"minecraft:leather_helmet":1,"minecraft:wooden_sword":6,"minecraft:cobblestone":2,"slashblade:slashblade_wood":69,"tombstone:gift":3,"minecraft:acacia_wood":1},"minecraft:mined":{"minecraft:yellow_terracotta":3,"world:plantforestbig_1":1,"minecraft:orange_terracotta":1,"minecraft:crafting_table":5,"minecraft:grass_block":3,"minecraft:cobblestone":3,"ars_nouveau:blue_archwood_leaves":19,"minecraft:crimson_stem":6,"ars_nouveau:blue_archwood_log":5,"minecraft:cobblestone_wall":2,"minecraft:acacia_wood":1,"minecraft:grass":1,"minecraft:oak_log":14,"minecraft:dirt":5,"lunas_crimson_invasion:corrupted_leaves":2,"minecraft:brown_terracotta":2,"minecraft:terracotta":4,"minecraft:polished_andesite":5,"lunas_crimson_invasion:corrupted_grass_block":1,"minecraft:white_wool":4},"minecraft:broken":{"slashblade:slashblade_wood":1},"minecraft:custom":{"minecraft:mob_kills":41,"minecraft:interact_with_crafting_table":7,"minecraft:open_barrel":10,"minecraft:leave_game":4,"minecraft:time_since_death":203,"minecraft:climb_one_cm":3570,"minecraft:damage_resisted":946,"minecraft:time_since_rest":1,"minecraft:sprint_one_cm":108769,"minecraft:damage_taken":2952,"minecraft:walk_one_cm":151864,"minecraft:drop":29,"minecraft:damage_dealt":7331,"minecraft:swim_one_cm":17376,"minecraft:fly_one_cm":144800,"minecraft:open_chest":8,"minecraft:play_time":77137,"minecraft:crouch_one_cm":48650,"tombstone:undead_killed":14,"minecraft:deaths":7,"minecraft:sneak_time":2919,"minecraft:walk_under_water_one_cm":6108,"minecraft:jump":1136,"minecraft:walk_on_water_one_cm":6453,"minecraft:interact_with_smoker":1,"minecraft:total_world_time":77137,"minecraft:fall_one_cm":33496},"minecraft:picked_up":{"minecraft:crafting_table":5,"minecraft:crimson_stem":8,"minecraft:wooden_pickaxe":1,"minecraft:acacia_wood":1,"ars_nouveau:blue_archwood_sapling":3,"tombstone:grave_key":1,"minecraft:oak_log":14,"minecraft:gunpowder":4,"minecraft:cobblestone_wall":4,"ars_nouveau:archwood_planks":2,"minecraft:dirt":10,"minecraft:string":2,"minecraft:wooden_sword":1,"minecraft:orange_terracotta":1,"minecraft:bone":4,"minecraft:iron_ingot":34,"minecraft:rose_bush":1,"slashblade:proudsoul_tiny":2,"lunas_crimson_invasion:corrupted_grass_block":1,"minecraft:brown_terracotta":2,"ars_nouveau:blue_archwood_log":5,"tombstone:grave_dust":1,"ancientlegends:totem_of_might":1,"alexsmobs:kangaroo_hide":20,"minecraft:polished_andesite":5,"minecraft:arrow":3,"minecraft:rotten_flesh":2,"ancientlegends:blood_bottle":3,"alexsmobs:rattlesnake_rattle":1,"knightquest:small_essence":1,"minecraft:yellow_terracotta":2,"minecraft:bread":7,"minecraft:terracotta":4,"alexsmobs:kangaroo_meat":27,"minecraft:white_wool":4,"minecraft:cobblestone":2,"minecraft:wooden_axe":1},"minecraft:dropped":{"minecraft:crimson_stem":2,"ancientlegends:blood_bottle":4,"minecraft:cobblestone_wall":4,"minecraft:glass_bottle":1,"ars_nouveau:archwood_planks":2,"minecraft:rotten_flesh":2,"minecraft:leather_helmet":1,"minecraft:stick":1,"minecraft:dirt":3,"ars_nouveau:blue_archwood_sapling":3,"tombstone:grave_key":1,"minecraft:wooden_axe":2,"minecraft:rose_bush":2,"minecraft:wooden_sword":2,"minecraft:wooden_pickaxe":2},"minecraft:killed_by":{"mowziesmobs:naga":2,"minecraft:creeper":2,"royalvariations:royal_zombie":1,"minecraft:drowned":1},"minecraft:killed":{"world:goblin":1,"irons_spellbooks:summoned_zombie":2,"minecraft:zombie_villager":1,"minecraft:spider":2,"alexsmobs:rattlesnake":1,"minecraft:creeper":4,"minecraft:skeleton":2,"minecraft:zombie":9,"alexsmobs:kangaroo":18,"minecraft:enderman":1}},"DataVersion":3465}