{"stats":{"minecraft:picked_up":{"create:handheld_worldshaper":1},"minecraft:used":{"callfromthedepth_:depth_armor_boots":1,"create:handheld_worldshaper":1,"burrows:mole_spawn_egg":2,"burrows:spideregghand_2":2,"burrows:centipede_spawn_egg":1,"burrows:medium_mole_spawn_egg":1,"burrows:spideregg_2":1,"callfromthedepth_:depth_armor_helmet":1,"burrows:spideregghang":1,"burrows:large_mole_spawn_egg":1,"callfromthedepth_:depth_armor_chestplate":1,"callfromthedepth_:depth_armor_leggings":1,"burrows:babyspider_spawn_egg":1,"burrows:spideregg":1},"minecraft:custom":{"minecraft:time_since_rest":16643,"minecraft:play_time":16643,"minecraft:sprint_one_cm":580,"minecraft:damage_taken":70,"minecraft:walk_one_cm":5799,"minecraft:sneak_time":78,"minecraft:drop":1,"minecraft:jump":21,"minecraft:time_since_death":16643,"minecraft:total_world_time":16643,"minecraft:fall_one_cm":1176,"minecraft:fly_one_cm":1903},"minecraft:dropped":{"create:handheld_worldshaper":1}},"DataVersion":3465}