{"stats":{"minecraft:picked_up":{"call_of_yucutan:obsidian_spear":1,"create:handheld_worldshaper":1},"minecraft:killed":{"burrows:centipede":1},"minecraft:used":{"call_of_yucutan:mitnal_monkey_spawn_egg":1,"create:handheld_worldshaper":1,"burrows:overworld_mole_spawn_egg":1,"call_of_yucutan:golden_guard_spawn_egg":1,"call_of_yucutan:blowgun_huracan_spawn_egg":1,"burrows:medium_mole_spawn_egg":1,"burrows:spideregghang":1,"burrows:large_mole_spawn_egg":1,"callfromthedepth_:depth_armor_leggings":1,"callfromthedepth_:depth_armor_chestplate":1,"burrows:deathcap_spawn_egg":1,"burrows:spideregg":1,"callfromthedepth_:depth_armor_boots":1,"burrows:mole_spawn_egg":2,"burrows:spriggan_spawn_egg":1,"burrows:spideregghand_2":2,"burrows:spideregg_2":1,"burrows:centipede_spawn_egg":1,"callfromthedepth_:depth_armor_helmet":1,"dragonitegear:dragonite_hoe":1,"dragonitegear:dragonite_greatsword":19,"call_of_yucutan:obsidian_spear":5,"burrows:babyspider_spawn_egg":1,"call_of_yucutan:chaac_spawn_egg":1,"burrows:moleking_spawn_egg":1,"minecraft:warden_spawn_egg":1,"call_of_yucutan:undead_warrior_spawn_egg":1},"minecraft:custom":{"minecraft:time_since_rest":21335,"minecraft:sprint_one_cm":921,"minecraft:damage_taken":70,"minecraft:walk_one_cm":13611,"minecraft:mob_kills":1,"minecraft:drop":6,"minecraft:damage_dealt":1355,"minecraft:fly_one_cm":6845,"minecraft:crouch_one_cm":56,"minecraft:play_time":21335,"minecraft:sneak_time":93,"minecraft:jump":53,"minecraft:leave_game":1,"minecraft:time_since_death":21335,"minecraft:total_world_time":21335,"minecraft:fall_one_cm":1176},"minecraft:dropped":{"call_of_yucutan:blowgun_huracan_spawn_egg":1,"create:handheld_worldshaper":1,"call_of_yucutan:undead_warrior_spawn_egg":1,"call_of_yucutan:mitnal_monkey_spawn_egg":1,"call_of_yucutan:obsidian_spear":2}},"DataVersion":3465}