{"stats":{"minecraft:custom":{"minecraft:jump":47,"minecraft:damage_dealt":71,"minecraft:time_since_rest":4017,"minecraft:damage_taken":280,"minecraft:leave_game":2,"minecraft:time_since_death":4539,"minecraft:play_time":11792,"minecraft:crouch_one_cm":289,"minecraft:walk_one_cm":17938,"minecraft:sprint_one_cm":24535,"minecraft:deaths":1,"minecraft:sneak_time":117,"minecraft:climb_one_cm":529,"minecraft:total_world_time":11792,"minecraft:fall_one_cm":629,"minecraft:fly_one_cm":8711},"minecraft:killed_by":{"duckensinvasion:archer_duck":1},"minecraft:mined":{"minecraft:oak_log":2},"minecraft:picked_up":{"minecraft:oak_log":2}},"DataVersion":3465}