{"stats":{"minecraft:picked_up":{"minecraft:stick":4,"minecraft:crafting_table":4,"minecraft:crimson_stem":2,"minecraft:oak_log":68,"ars_nouveau:archwood_planks":13,"minecraft:dirt":4,"minecraft:wheat_seeds":3,"minecraft:bread":22,"minecraft:oak_sapling":13,"minecraft:cobblestone":70},"minecraft:used":{"minecraft:bread":1,"minecraft:stone_pickaxe":60,"minecraft:wooden_pickaxe":13,"minecraft:stone_axe":78,"minecraft:dirt":4,"minecraft:crafting_table":4,"minecraft:oak_sapling":1,"slashblade:slashblade_wood":3,"tombstone:gift":3},"minecraft:crafted":{"minecraft:wooden_sword":6,"minecraft:oak_planks":76,"minecraft:stone_shovel":1,"minecraft:crafting_table":2,"minecraft:stick":88,"minecraft:wooden_pickaxe":1,"minecraft:stone_pickaxe":2,"minecraft:stone_sword":1,"slashblade:slashblade_wood":6,"minecraft:stone_axe":1},"minecraft:custom":{"minecraft:time_since_rest":18611,"minecraft:sprint_one_cm":32390,"minecraft:damage_taken":1770,"minecraft:walk_one_cm":48106,"tombstone:sneak_grave":1,"minecraft:drop":8,"minecraft:damage_dealt":69,"minecraft:interact_with_crafting_table":9,"minecraft:fly_one_cm":34387,"minecraft:crouch_one_cm":4744,"minecraft:play_time":28117,"minecraft:deaths":3,"minecraft:sneak_time":1274,"minecraft:jump":219,"minecraft:time_since_death":20590,"minecraft:total_world_time":28117,"minecraft:fall_one_cm":16878},"minecraft:killed_by":{"mowziesmobs:naga":1,"minecraft:player":1,"minecraft:skeleton":1},"minecraft:dropped":{"minecraft:wheat_seeds":3,"tombstone:grave_key":1,"minecraft:oak_sapling":12,"minecraft:wooden_pickaxe":1},"minecraft:mined":{"minecraft:crafting_table":4,"minecraft:grass":1,"minecraft:grass_block":2,"minecraft:oak_log":68,"minecraft:dirt":2,"minecraft:stone":70,"minecraft:oak_leaves":14,"minecraft:crimson_stem":2}},"DataVersion":3465}