{"stats":{"minecraft:picked_up":{"minecraft:crafting_table":2,"ars_nouveau:archwood_planks":13},"minecraft:used":{"minecraft:crafting_table":2,"tombstone:gift":3},"minecraft:crafted":{"minecraft:crafting_table":1,"minecraft:stick":8,"minecraft:wooden_pickaxe":1},"minecraft:custom":{"minecraft:time_since_rest":611,"minecraft:crouch_one_cm":1608,"minecraft:play_time":10117,"minecraft:sprint_one_cm":8626,"minecraft:walk_one_cm":14356,"minecraft:damage_taken":1660,"minecraft:deaths":3,"minecraft:sneak_time":459,"tombstone:sneak_grave":1,"minecraft:drop":1,"minecraft:jump":78,"minecraft:damage_dealt":3,"minecraft:time_since_death":2590,"minecraft:total_world_time":10117,"minecraft:interact_with_crafting_table":2,"minecraft:fall_one_cm":10487,"minecraft:fly_one_cm":12622},"minecraft:killed_by":{"mowziesmobs:naga":1,"minecraft:skeleton":1,"minecraft:player":1},"minecraft:dropped":{"tombstone:grave_key":1},"minecraft:mined":{"minecraft:crafting_table":2}},"DataVersion":3465}