{"stats":{"minecraft:picked_up":{"minecraft:stick":4,"minecraft:crafting_table":3,"minecraft:oak_log":68,"ars_nouveau:archwood_planks":13,"minecraft:dirt":4,"minecraft:wheat_seeds":2,"minecraft:oak_sapling":9,"minecraft:cobblestone":70},"minecraft:used":{"minecraft:stone_pickaxe":60,"minecraft:wooden_pickaxe":13,"minecraft:stone_axe":75,"minecraft:dirt":4,"minecraft:crafting_table":4,"minecraft:oak_sapling":1,"tombstone:gift":3},"minecraft:crafted":{"minecraft:oak_planks":76,"minecraft:stone_shovel":1,"minecraft:crafting_table":2,"minecraft:stick":88,"minecraft:wooden_pickaxe":1,"minecraft:stone_pickaxe":2,"minecraft:stone_sword":1,"minecraft:stone_axe":1},"minecraft:custom":{"minecraft:time_since_rest":12611,"minecraft:sprint_one_cm":21240,"minecraft:damage_taken":1660,"minecraft:walk_one_cm":36472,"tombstone:sneak_grave":1,"minecraft:drop":4,"minecraft:damage_dealt":3,"minecraft:interact_with_crafting_table":8,"minecraft:fly_one_cm":21030,"minecraft:crouch_one_cm":4134,"minecraft:play_time":22117,"minecraft:deaths":3,"minecraft:sneak_time":999,"minecraft:jump":140,"minecraft:time_since_death":14590,"minecraft:total_world_time":22117,"minecraft:fall_one_cm":11325},"minecraft:killed_by":{"mowziesmobs:naga":1,"minecraft:player":1,"minecraft:skeleton":1},"minecraft:dropped":{"minecraft:wheat_seeds":1,"tombstone:grave_key":1,"minecraft:oak_sapling":4,"minecraft:wooden_pickaxe":1},"minecraft:mined":{"minecraft:crafting_table":3,"minecraft:grass":1,"minecraft:grass_block":2,"minecraft:oak_log":68,"minecraft:dirt":2,"minecraft:stone":70,"minecraft:oak_leaves":14}},"DataVersion":3465}