{"stats":{"minecraft:picked_up":{"minecraft:crafting_table":3,"minecraft:wheat":9,"minecraft:feather":1,"minecraft:potato":8,"minecraft:oak_log":6,"ancientlegends:unholy_cloth":1,"minecraft:shield":1,"minecraft:gunpowder":4,"minecraft:string":1,"ars_nouveau:archwood_planks":2,"minecraft:dirt":12,"minecraft:bone":1,"minecraft:bow":2,"minecraft:wheat_seeds":52,"minecraft:stone_hoe":1,"minecraft:furnace":1,"minecraft:raw_iron":150,"world:crystal_10":1,"slashblade:proudsoul_tiny":1,"lunas_crimson_invasion:corrupted_grass_block":1,"ars_nouveau:blue_archwood_log":38,"minecraft:blast_furnace":1,"tombstone:grave_dust":1,"lunas_crimson_invasion:dark_nether_brick_pillar":1,"minecraft:grass_block":1,"minecraft:carrot":7,"ancientlegends:totem_of_might":3,"minecraft:spider_eye":3,"minecraft:leather_helmet":1,"minecraft:arrow":4,"minecraft:rotten_flesh":15,"ancientlegends:blood_bottle":2,"minecraft:hay_block":22,"knightquest:small_essence":2,"duckensinvasion:duck_feather":7,"minecraft:gold_ingot":2,"tombstone:essence_of_undeath":1,"alexsmobs:maggot":1,"tombstone:magic_scroll":1,"minecraft:melon_seeds":4,"minecraft:coal":29,"minecraft:cobblestone":35,"minecraft:ender_pearl":1},"minecraft:broken":{"minecraft:stone_pickaxe":1,"minecraft:leather_helmet":1},"minecraft:killed":{"duckensinvasion:footsoldier_duck":8,"world:goblin":6,"ancientlegends:wendigo":1,"minecraft:spider":4,"duckensinvasion:raptor_duck":2,"world:dryad":2,"duckensinvasion:greatsword_duck":6,"royalvariations:royal_zombie":1,"duckensinvasion:axethrower":1,"minecraft:zombie":10,"duckensinvasion:armoured_duck":4,"duckensinvasion:ballista_duck":1,"ancientlegends:asanbosam":1,"duckensinvasion:archer_duck":6,"duckensinvasion:commaner_duckfighting":1,"alexsmobs:fly":1,"mowziesmobs:umvuthana_raptor":1,"minecraft:enderman":1},"minecraft:used":{"lunas_crimson_invasion:corrupted_grass_block":1,"minecraft:stone_sword":88,"minecraft:stone_pickaxe":131,"minecraft:ender_pearl":1,"minecraft:wooden_pickaxe":20,"minecraft:iron_sword":109,"lunas_crimson_invasion:dark_nether_brick_pillar":1,"minecraft:stone_hoe":22,"minecraft:rotten_flesh":19,"minecraft:dirt":11,"minecraft:crafting_table":3,"ars_nouveau:archwood_planks":141,"minecraft:blast_furnace":1,"minecraft:carrot":9,"ancientlegends:blood_bottle":1,"minecraft:bread":21,"minecraft:grass_block":1,"minecraft:iron_pickaxe":61,"tombstone:magic_scroll":1,"minecraft:leather_helmet":2,"minecraft:stone_axe":42,"minecraft:bow":2,"minecraft:furnace":2,"tombstone:gift":1,"minecraft:cooked_beef":4,"minecraft:potato":6,"minecraft:cooked_mutton":3},"minecraft:killed_by":{"minecraft:creeper":1,"knightquest:bad_patch":2},"minecraft:custom":{"minecraft:mob_kills":58,"minecraft:interact_with_crafting_table":13,"minecraft:open_barrel":12,"minecraft:damage_dealt_resisted":202,"minecraft:time_since_death":173458,"minecraft:sleep_in_bed":1,"minecraft:climb_one_cm":2101,"minecraft:damage_resisted":872,"minecraft:time_since_rest":109525,"minecraft:damage_taken":2982,"minecraft:sprint_one_cm":284262,"minecraft:walk_one_cm":340313,"minecraft:drop":35,"minecraft:damage_dealt":12812,"minecraft:player_kills":1,"minecraft:swim_one_cm":33703,"minecraft:fly_one_cm":268973,"minecraft:talked_to_villager":1,"minecraft:play_time":194364,"minecraft:open_chest":16,"minecraft:crouch_one_cm":14653,"minecraft:sneak_time":6761,"tombstone:undead_killed":12,"minecraft:deaths":3,"minecraft:walk_under_water_one_cm":7147,"minecraft:jump":2090,"minecraft:interact_with_blast_furnace":11,"minecraft:walk_on_water_one_cm":6134,"minecraft:total_world_time":194364,"minecraft:interact_with_smoker":3,"minecraft:fall_one_cm":46374,"minecraft:interact_with_furnace":16},"minecraft:crafted":{"minecraft:cooked_beef":4,"minecraft:smooth_stone":3,"minecraft:oak_planks":24,"ars_nouveau:archwood_planks":152,"minecraft:crafting_table":1,"minecraft:wooden_pickaxe":1,"minecraft:iron_helmet":1,"minecraft:iron_sword":1,"minecraft:furnace":2,"minecraft:blast_furnace":1,"minecraft:stone":3,"minecraft:stone_axe":1,"minecraft:bread":69,"minecraft:cooked_mutton":3,"minecraft:iron_chestplate":1,"minecraft:iron_boots":1,"minecraft:stick":8,"minecraft:iron_ingot":112,"minecraft:iron_pickaxe":1,"minecraft:stone_pickaxe":1,"minecraft:stone_sword":1,"minecraft:iron_leggings":1,"minecraft:stone_hoe":1,"minecraft:wheat":198},"minecraft:dropped":{"ancientlegends:blood_bottle":1,"minecraft:stone_hoe":1,"minecraft:iron_ingot":34,"ancientlegends:totem_of_might":2,"minecraft:wheat_seeds":9,"minecraft:stone_sword":1,"minecraft:glass_bottle":1,"ars_nouveau:archwood_planks":13,"tombstone:gift":1,"minecraft:feather":1,"minecraft:rotten_flesh":1,"minecraft:leather_helmet":1,"minecraft:dirt":1,"minecraft:potato":3,"minecraft:gunpowder":4,"minecraft:melon_seeds":4,"minecraft:spider_eye":2,"minecraft:bow":1,"minecraft:wooden_pickaxe":1},"minecraft:mined":{"minecraft:jungle_leaves":3,"lunas_crimson_invasion:dark_nether_brick_pillar":1,"minecraft:crafting_table":3,"minecraft:blast_furnace":1,"minecraft:grass_block":6,"minecraft:tall_grass":2,"minecraft:hay_block":22,"ars_nouveau:blue_archwood_log":35,"minecraft:furnace":1,"minecraft:iron_ore":150,"burrows:undugburrow":1,"minecraft:grass":8,"minecraft:coal_ore":21,"minecraft:oak_log":6,"minecraft:vine":1,"minecraft:dirt":7,"minecraft:stone":35,"lunas_crimson_invasion:corrupted_grass_block":1,"minecraft:oak_leaves":1}},"DataVersion":3465}